Subject Number, 0, Age,
Test condition, Round Number, SNR, Number of words correct, File loaded
0, 0, 0.000000,0, %s
0, 1, 14.000000,0, ASLQ0104.wav
0, 2, 16.000000,0, ASLQ0101.wav
2, 1, 10.000000,3, ASLQ0108.wav
2, 2, 4.000000,0, ASLQ0107.wav
2, 3, 6.000000,0, ASLQ0106.wav
2, 4, 8.000000,0, ASLQ0109.wav
2, 5, 10.000000,0, ASLQ0110.wav
2, 6, 12.000000,0, ASLQ0110.wav
