Subject Number, 0, Age,
Test condition, Round Number, SNR, Number of words correct, File loaded
1, 2, 10.000000,0, ASLQ0104.wav
1, 3, 12.000000,0, ASLQ0102.wav
2, 1, 10.000000,0, ASLQ0107.wav
2, 2, 12.000000,0, ASLQ0104.wav
2, 3, 14.000000,0, ASLQ0110.wav
2, 4, 16.000000,0, ASLQ0103.wav
3, 1, 10.000000,0, ASLQ0106.wav
3, 1, 10.000000,0, ASLQ0108.wav
3, 2, 12.000000,0, ASLQ0101.wav
